<ImportExportXml xmlns:xsi="http://www.w3.org/2001/XMLSchema-instance" OrganizationVersion="9.2.25014.220" OrganizationSchemaType="Standard" CRMServerServiceabilityVersion="9.2.25021.00200">
  <Entities></Entities>
  <Roles></Roles>
  <Workflows>
    <Workflow WorkflowId="{e9af88d4-d60f-ef11-9f8a-000d3a5c376f}" Name="Export Dates to CSV">
      <JsonFileName>/Workflows/ExportDatestoCSV-E9AF88D4-D60F-EF11-9F8A-000D3A5C376F.json</JsonFileName>
      <Type>1</Type>
      <Subprocess>0</Subprocess>
      <Category>5</Category>
      <Mode>0</Mode>
      <Scope>4</Scope>
      <OnDemand>0</OnDemand>
      <TriggerOnCreate>0</TriggerOnCreate>
      <TriggerOnDelete>0</TriggerOnDelete>
      <AsyncAutodelete>0</AsyncAutodelete>
      <SyncWorkflowLogOnFailure>0</SyncWorkflowLogOnFailure>
      <StateCode>0</StateCode>
      <StatusCode>1</StatusCode>
      <RunAs>1</RunAs>
      <IsTransacted>1</IsTransacted>
      <IntroducedVersion>1.0.0.1</IntroducedVersion>
      <IsCustomizable>1</IsCustomizable>
      <BusinessProcessType>0</BusinessProcessType>
      <IsCustomProcessingStepAllowedForOtherPublishers>1</IsCustomProcessingStepAllowedForOtherPublishers>
      <PrimaryEntity>none</PrimaryEntity>
      <LocalizedNames>
        <LocalizedName languagecode="1033" description="Export Dates to CSV" />
      </LocalizedNames>
    </Workflow>
    <Workflow WorkflowId="{b14ba22e-3a11-ef11-9f8a-000d3a5c376f}" Name="Provision Holiday and Date Generator Lists" Description="This is one-time setup flow that will create the Holidays List and Populate list from Excel file of Holidays. A Date Generation List is also created.">
      <JsonFileName>/Workflows/ProvisionHolidayandDateGeneratorLists-B14BA22E-3A11-EF11-9F8A-000D3A5C376F.json</JsonFileName>
      <Type>1</Type>
      <Subprocess>0</Subprocess>
      <Category>5</Category>
      <Mode>0</Mode>
      <Scope>4</Scope>
      <OnDemand>0</OnDemand>
      <TriggerOnCreate>0</TriggerOnCreate>
      <TriggerOnDelete>0</TriggerOnDelete>
      <AsyncAutodelete>0</AsyncAutodelete>
      <SyncWorkflowLogOnFailure>0</SyncWorkflowLogOnFailure>
      <StateCode>1</StateCode>
      <StatusCode>2</StatusCode>
      <RunAs>1</RunAs>
      <IsTransacted>1</IsTransacted>
      <IntroducedVersion>1.0.0.1</IntroducedVersion>
      <IsCustomizable>1</IsCustomizable>
      <BusinessProcessType>0</BusinessProcessType>
      <IsCustomProcessingStepAllowedForOtherPublishers>1</IsCustomProcessingStepAllowedForOtherPublishers>
      <PrimaryEntity>none</PrimaryEntity>
      <LocalizedNames>
        <LocalizedName languagecode="1033" description="Provision Holiday and Date Generator Lists" />
      </LocalizedNames>
      <Descriptions>
        <Description languagecode="1033" description="This is one-time setup flow that will create the Holidays List and Populate list from Excel file of Holidays. A Date Generation List is also created." />
      </Descriptions>
    </Workflow>
  </Workflows>
  <FieldSecurityProfiles></FieldSecurityProfiles>
  <Templates />
  <EntityMaps />
  <EntityRelationships />
  <OrganizationSettings />
  <optionsets />
  <CustomControls />
  <EntityDataProviders />
  <CanvasApps>
    <CanvasApp>
      <Name>bb89_dategeneratorapp_0418f</Name>
      <AppVersion>2024-05-19T14:53:51Z</AppVersion>
      <Status>Ready</Status>
      <CreatedByClientVersion>3.24045.24.0</CreatedByClientVersion>
      <MinClientVersion>3.24045.24.0</MinClientVersion>
      <Tags>{"primaryDeviceWidth":"1731","primaryDeviceHeight":"837","supportsPortrait":"true","supportsLandscape":"true","primaryFormFactor":"Tablet","showStatusBar":"false","publisherVersion":"3.24045.24","minimumRequiredApiVersion":"2.2.0","hasComponent":"false","hasUnlockedComponent":"false","isUnifiedRootApp":"false","offlineLargeFilesSupport":"false","sienaVersion":"20240519T023818Z-3.24045.24.0"}</Tags>
      <IsCdsUpgraded>0</IsCdsUpgraded>
      <GalleryItemId xsi:nil="true"></GalleryItemId>
      <BackgroundColor>RGBA(0,176,240,1)</BackgroundColor>
      <DisplayName>Date Generator App</DisplayName>
      <Description xsi:nil="true"></Description>
      <CommitMessage xsi:nil="true"></CommitMessage>
      <Publisher xsi:nil="true"></Publisher>
      <AuthorizationReferences>[]</AuthorizationReferences>
      <ConnectionReferences>{"3d8e942c-a12b-4a46-b196-cb405c23be27":{"id":"/providers/microsoft.powerapps/apis/shared_sharepointonline","displayName":"SharePoint","iconUri":"https://connectoricons-prod.azureedge.net/releases/v1.0.1685/1.0.1685.3700/sharepointonline/icon.png","dataSources":["Date Generator List","Holidays List"],"dependencies":[],"dependents":[],"parameterHints":{},"parameterHintsV2":{},"isOnPremiseConnection":false,"bypassConsent":false,"dataSets":{"https://powerfxhelp.sharepoint.com/sites/Sandbox_bb89_SandboxSite":{"datasetOverride":{"name":"https://powerfxhelp.sharepoint.com/sites/Sandbox","environmentVariableName":"bb89_SandboxSite"},"dataSources":{"Date Generator List":{"tableName":"633769e6-f846-4ab8-adac-be0a687a9699","tableNameOverride":{"name":"633769e6-f846-4ab8-adac-be0a687a9699","environmentVariableName":"bb89_DateGeneratorList"}},"Holidays List":{"tableName":"9bdb164d-779d-4f11-b212-3d66171bbb50","tableNameOverride":{"name":"9bdb164d-779d-4f11-b212-3d66171bbb50","environmentVariableName":"bb89_HolidaysList"}}}}},"apiTier":"Standard","actions":["providers/PowerPlatform.Governance/Operations/Read","providers/PowerPlatform.Governance/Operations/Write","providers/PowerPlatform.Governance/Operations/Delete"]},"e701a176-fa77-437d-ad8d-f2d398189445":{"id":"/providers/microsoft.powerapps/apis/shared_logicflows","displayName":"Logic flows","iconUri":"https://connectoricons-prod.azureedge.net/u/patelronak/specialtrain-logicflows-2/1.0.1692.3734/logicflows/icon.png","dataSources":["ExportDatestoCSV"],"dependencies":["9f28f102-d172-41d4-8a5a-42a2f81992b2"],"dependents":[],"parameterHints":{"workflowName":{"value":"559e7fef-8465-4f2c-81e2-df5384cb7e45"},"workflowEntityId":{"value":"e9af88d4-d60f-ef11-9f8a-000d3a5c376f"},"workflowDisplayName":{"value":"Export Dates to CSV"},"9f28f102-d172-41d4-8a5a-42a2f81992b2":{"value":"shared_onedriveforbusiness"}},"parameterHintsV2":{"workflowName":{"value":"559e7fef-8465-4f2c-81e2-df5384cb7e45"},"workflowEntityId":{"value":"e9af88d4-d60f-ef11-9f8a-000d3a5c376f"},"workflowDisplayName":{"value":"Export Dates to CSV"},"shared_onedriveforbusiness":{"value":"9f28f102-d172-41d4-8a5a-42a2f81992b2"}},"isOnPremiseConnection":false,"bypassConsent":false,"dataSets":{},"apiTier":"Standard","actions":["Run"]},"9f28f102-d172-41d4-8a5a-42a2f81992b2":{"id":"/providers/microsoft.powerapps/apis/shared_onedriveforbusiness","displayName":"OneDrive for Business","iconUri":"https://connectoricons-prod.azureedge.net/releases/v1.0.1689/1.0.1689.3722/onedriveforbusiness/icon.png","dataSources":[],"dependencies":[],"dependents":["e701a176-fa77-437d-ad8d-f2d398189445"],"parameterHints":{},"parameterHintsV2":{},"isOnPremiseConnection":false,"bypassConsent":false,"dataSets":{},"apiTier":"Standard"}}</ConnectionReferences>
      <DatabaseReferences>{}</DatabaseReferences>
      <AppComponents>[]</AppComponents>
      <AppComponentDependencies>[]</AppComponentDependencies>
      <CanConsumeAppPass>1</CanConsumeAppPass>
      <CanvasAppType>0</CanvasAppType>
      <BypassConsent>0</BypassConsent>
      <AdminControlBypassConsent>0</AdminControlBypassConsent>
      <EmbeddedApp xsi:nil="true"></EmbeddedApp>
      <IntroducedVersion>1.0</IntroducedVersion>
      <CdsDependencies>{"cdsdependencies":[{"dependencyid":"e9af88d4-d60f-ef11-9f8a-000d3a5c376f","componenttype":29,"componenttypeplatformname":"Workflow"},{"logicalname":"bb89_SandboxSite","componenttype":380,"componenttypeplatformname":"EnvironmentVariableDefinition"},{"logicalname":"bb89_DateGeneratorList","componenttype":380,"componenttypeplatformname":"EnvironmentVariableDefinition"},{"logicalname":"bb89_HolidaysList","componenttype":380,"componenttypeplatformname":"EnvironmentVariableDefinition"}]}</CdsDependencies>
      <IsCustomizable>1</IsCustomizable>
      <BackgroundImageUri>/CanvasApps/bb89_dategeneratorapp_0418f_BackgroundImageUri</BackgroundImageUri>
      <DocumentUri>/CanvasApps/bb89_dategeneratorapp_0418f_DocumentUri.msapp</DocumentUri>
      <AdditionalUris>
        <AdditionalUri>/CanvasApps/bb89_dategeneratorapp_0418f_AdditionalUris0_identity.json</AdditionalUri>
      </AdditionalUris>
    </CanvasApp>
  </CanvasApps>
  <connectionreferences>
    <connectionreference connectionreferencelogicalname="bb89_DateGenSharePoint">
      <connectionreferencedisplayname>Date Gen SharePoint</connectionreferencedisplayname>
      <connectorid>/providers/Microsoft.PowerApps/apis/shared_sharepointonline</connectorid>
      <iscustomizable>1</iscustomizable>
      <statecode>0</statecode>
      <statuscode>1</statuscode>
    </connectionreference>
    <connectionreference connectionreferencelogicalname="bb89_sharedexcelonlinebusiness_216f7">
      <connectionreferencedisplayname>Date Gen Excel Online (Business)</connectionreferencedisplayname>
      <connectorid>/providers/Microsoft.PowerApps/apis/shared_excelonlinebusiness</connectorid>
      <iscustomizable>1</iscustomizable>
      <statecode>0</statecode>
      <statuscode>1</statuscode>
    </connectionreference>
    <connectionreference connectionreferencelogicalname="bb89_sharedonedriveforbusiness_38459">
      <connectionreferencedisplayname>Date Gen OneDrive for Business</connectionreferencedisplayname>
      <connectorid>/providers/Microsoft.PowerApps/apis/shared_onedriveforbusiness</connectorid>
      <iscustomizable>1</iscustomizable>
      <statecode>0</statecode>
      <statuscode>1</statuscode>
    </connectionreference>
  </connectionreferences>
  <Languages>
    <Language>1033</Language>
  </Languages>
</ImportExportXml>